Recomendação,Link,Descrição,Prioridade
SEC01-BP01 Separar as workloads usando contas,https://docs.aws.amazon.com/pt_br/wellarchitected/latest/security-pillar/sec_securely_operate_multi_accounts.html,"Estabeleça barreiras de proteção e isolamento entre workloads e ambientes (como de produção, desenvolvimento e teste) por meio de uma estratégia de várias contas. A separação em nível de conta é altamente recomendável, pois ela oferece um limite de isolamento robusto para segurança, faturamento e acesso.",Alta
SEC01-BP02 Proteger as propriedades e o usuário raiz das contas,https://docs.aws.amazon.com/pt_br/wellarchitected/latest/security-pillar/sec_securely_operate_aws_account.html,"O usuário raiz é o mais privilegiado de uma Conta da AWS, com acesso administrativo integral a todos os recursos da conta, e em alguns casos não pode ser restringido por políticas de segurança. Desabilitar o acesso programático ao usuário raiz, estabelecer controles apropriados para ele e evitar o uso rotineiro desse usuário ajuda a reduzir o risco de exposição acidental das credenciais raiz e o subsequente comprometimento do ambiente de nuvem.",Alta
SEC01-BP03 Identificar e validar objetivos de controle,https://docs.aws.amazon.com/pt_br/wellarchitected/latest/security-pillar/sec_securely_operate_control_objectives.html,"Com base em seus requisitos de conformidade e riscos identificados no modelo de ameaça, derive e valide os objetivos de controle e os controles que você precisa aplicar à carga de trabalho. A validação contínua de objetivos de controle e controles ajuda a medir a eficácia da mitigação de riscos.",Alta
SEC01-BP04 Manter-se atualizado sobre as ameaças à segurança,https://docs.aws.amazon.com/pt_br/wellarchitected/latest/security-pillar/sec_securely_operate_updated_threats.html,"Para ajudar a definir e implementar os controles apropriados, reconheça vetores de ataque mantendo-se a par das ameaças de segurança mais recentes. Consuma o AWS Managed Services para facilitar o recebimento de notificações de comportamentos inesperados ou incomuns em suas contas da AWS. Investigue usando ferramentas de parceiros da AWS ou feeds de informações sobre ameaças de terceiros como parte de seu fluxo de informações de segurança. A lista de vulnerabilidades e exposições comuns (CVEs)  contém vulnerabilidades de segurança cibernética divulgadas publicamente que você pode usar para se manter atualizado.",Alta
SEC01-BP05 Manter-se atualizado com as recomendações de segurança,https://docs.aws.amazon.com/pt_br/wellarchitected/latest/security-pillar/sec_securely_operate_updated_recommendations.html,Stay up-to-date with both AWS and industry security recommendations to evolve the security posture of your workload. AWS Security Bulletins contain important information about security and privacy notifications.,Alta
SEC01-BP06 Automatizar testes e validação de controles de segurança em pipelines,https://docs.aws.amazon.com/pt_br/wellarchitected/latest/security-pillar/sec_securely_operate_test_validate_pipeline.html,"Estabeleça linhas de base e modelos seguros para mecanismos de segurança que são testados e validados como parte de sua compilação, pipelines e processos. Use ferramentas e automação para testar e validar todos os controles de segurança continuamente. Por exemplo, verifique itens, como imagens de máquina e modelos de infraestrutura como código, para detectar vulnerabilidades de segurança, irregularidades e desvios da uma linha de base estabelecida em cada estágio. O AWS CloudFormation Guard pode ajudar você a verificar se os modelos do CloudFormation são seguros, economizar tempo e reduzir o risco de erro de configuração.",Média
SEC01-BP07 Identificar ameaças e priorizar mitigações com o uso de um modelo de ameaça,https://docs.aws.amazon.com/pt_br/wellarchitected/latest/security-pillar/sec_securely_operate_threat_model.html,"Realize a modelagem de ameaças para identificar e manter um registro atualizado de possíveis ameaças e mitigações associadas para sua workload. Priorize suas ameaças e adapte as mitigações de controles de segurança para prevenir, detectar e responder. Revise e mantenha isso no contexto de sua workload e no cenário de segurança em evolução.",Alta
SEC01-BP08 Avaliar e implementar regularmente novos serviços e recursos de segurança,https://docs.aws.amazon.com/pt_br/wellarchitected/latest/security-pillar/sec_securely_operate_implement_services_features.html,"Avalie e implemente serviços e recursos de segurança da AWS e parceiros da AWS que permitem que você desenvolva a postura de segurança da sua workload. O blog de segurança da AWS destaca novos serviços e recursos, guias de implementação e orientações gerais de segurança da AWS. Quais as novidades da AWS? é uma ótima forma de se manter atualizado com todos os novos recursos, serviços e anúncios da AWS.",Baixa
SEC02-BP01 Usar mecanismos de login fortes,https://docs.aws.amazon.com/pt_br/wellarchitected/latest/security-pillar/sec_identities_enforce_mechanisms.html,"Os logins (autenticação com credenciais de login) podem apresentar riscos quando não são usados mecanismos, como autenticação multifator (MFA), especialmente em situações em que as credenciais de login foram divulgadas acidentalmente ou podem ser deduzidas com facilidade. Utilize mecanismos de login fortes para reduzir essas riscos exigindo MFA e políticas de senhas fortes.",Alta
SEC02-BP02 Usar credenciais temporárias,https://docs.aws.amazon.com/pt_br/wellarchitected/latest/security-pillar/sec_identities_unique.html,"Ao realizar qualquer tipo de autenticação, é melhor utilizar credenciais temporárias em vez de credenciais de longo prazo a fim de reduzir ou eliminar riscos, como credenciais que são divulgadas acidentalmente, compartilhadas ou roubadas.",Alta
SEC02-BP03 Armazenar e usar segredos com segurança,https://docs.aws.amazon.com/pt_br/wellarchitected/latest/security-pillar/sec_identities_secrets.html,"Uma workload exige um recurso automatizado para comprovar a identidade dela em bancos de dados, recursos e serviços de terceiros. Isso é realizado com o uso de credenciais de acesso secretas, como chaves de acesso de API, senhas e tokens do OAuth. Utilizar um serviço com propósito específico para armazenar, gerenciar e alternar essas credenciais ajuda a reduzir a probabilidade de comprometimento dessas credenciais.",Alta
SEC02-BP04 Contar com um provedor de identidades centralizado,https://docs.aws.amazon.com/pt_br/wellarchitected/latest/security-pillar/sec_identities_identity_provider.html,"Para identidades da força de trabalho (funcionários e prestadores de serviços), confie em um provedor de identidade que permita gerenciar identidades em um local centralizado. Isso facilita o gerenciamento do acesso em várias aplicações e sistemas, pois você está criando, atribuindo, gerenciando, revogando e auditando o acesso de um único local.",Alta
SEC02-BP05 Fazer a auditoria e a alternância periódica das credenciais,https://docs.aws.amazon.com/pt_br/wellarchitected/latest/security-pillar/sec_identities_audit.html,"Audite e alterne as credenciais periodicamente para limitar o período durante o qual as credenciais podem ser usadas para acessar seus recursos. Credenciais de longo prazo criam muitos riscos, e estes podem ser reduzidos alternando credenciais de longo prazo regularmente.",Alta
SEC02-BP06 Utilizar grupos e atributos de usuários,https://docs.aws.amazon.com/pt_br/wellarchitected/latest/security-pillar/sec_identities_groups_attributes.html,"À medida que o número de usuários gerenciados cresce, você precisará determinar maneiras de organizá-los para que você possa gerenciá-los em grande escala. Coloque usuários com requisitos de segurança comuns em grupos definidos pelo provedor de identidade e implemente mecanismos para garantir que os atributos de usuário que podem ser usados para controle de acesso (por exemplo, departamento ou localização) estejam corretos e atualizados. Use esses grupos e atributos para controlar o acesso em vez de usuários individuais. Isso permite que você gerencie o acesso centralmente, alterando a associação ao grupo ou os atributos de um usuário uma vez com um conjunto de permissões, em vez de atualizar várias políticas individuais quando as necessidades de acesso de um usuário mudarem. ",Baixa
SEC03-BP01 Definir requisitos de acesso,https://docs.aws.amazon.com/pt_br/wellarchitected/latest/security-pillar/sec_permissions_define.html,"Cada componente ou recurso de sua workload precisa ser acessado por administradores, usuários finais ou outros componentes. É necessário ter uma definição clara de quem ou do que deve ter acesso a cada componente, escolher o tipo de identidade apropriado e o método de autenticação e autorização.",Alta
SEC03-BP02 Conceder acesso com privilégio mínimo,https://docs.aws.amazon.com/pt_br/wellarchitected/latest/security-pillar/sec_permissions_least_privileges.html,"É prática recomendada conceder somente o acesso de que as identidades precisam para realizar ações em recursos específicos e sob condições específicas. Use grupos e atributos de identidade para definir permissões dinamicamente em escala, em vez de definir permissões para usuários individuais. Por exemplo, você pode permitir o acesso de um grupo de desenvolvedores para gerenciar apenas recursos de seu próprio projeto. Dessa forma, se um desenvolvedor sair do projeto, o acesso dele é automaticamente revogado sem alterar as políticas de acesso adjacentes.",Alta
SEC03-BP03 Estabelecer processo de acesso de emergência,https://docs.aws.amazon.com/pt_br/wellarchitected/latest/security-pillar/sec_permissions_emergency_process.html,"Crie um processo que permita acesso emergencial às suas workloads no caso improvável de um problema com seu provedor de identidades centralizado.
Você deve criar processos para diferentes modos de falha que possam resultar em um evento de emergência. Por exemplo, em circunstâncias normais, os usuários da sua força de trabalho são federados na nuvem usando um provedor de identidades centralizado (SEC02-BP04) para gerenciar as respectivas workloads. No entanto, se o provedor de identidades centralizado falhar ou a configuração da federação na nuvem for modificada, talvez os usuários de sua força de trabalho não consigam se federar na nuvem. Um processo de acesso de emergência permite que administradores autorizados acessem seus recursos de nuvem por meios alternativos (como uma forma alternativa de federação ou acesso direto do usuário) para corrigir problemas com sua configuração de federação ou workloads. O processo de acesso de emergência é usado até que o mecanismo normal de federação seja restaurado.",Média
SEC03-BP04 Reduzir as permissões continuamente,https://docs.aws.amazon.com/pt_br/wellarchitected/latest/security-pillar/sec_permissions_continuous_reduction.html,"À medida que suas equipes determinarem o acesso de que precisam, remova as permissões desnecessárias e estabeleça processos de análise para obter permissões de privilégio mínimo. Monitore e remova continuamente identidades e permissões não utilizadas para acesso humano e de máquina.",Média
SEC03-BP05 Definir barreiras de proteção de permissões para sua organização,https://docs.aws.amazon.com/pt_br/wellarchitected/latest/security-pillar/sec_permissions_define_guardrails.html,"Estabeleça controles comuns que restrinjam o acesso a todas as identidades na organização. Por exemplo, é possível restringir o acesso a Regiões da AWS específicas ou impedir que os operadores excluam recursos comuns, como um perfil do IAM usado pela equipe de segurança central.",Média
SEC03-BP06 Gerenciar o acesso com base no ciclo de vida,https://docs.aws.amazon.com/pt_br/wellarchitected/latest/security-pillar/sec_permissions_lifecycle.html,"Integre controles de acesso ao ciclo de vida do operador e da aplicação e ao seu provedor de federação centralizado. Por exemplo, remova o acesso do usuário que sair da organização ou mudar de funções.",Média
SEC03-BP07 Analisar o acesso público e entre contas,https://docs.aws.amazon.com/pt_br/wellarchitected/latest/security-pillar/sec_permissions_analyze_cross_account.html,Monitore continuamente as descobertas que destacam o acesso público e entre contas. Reduza o acesso público e o acesso entre contas somente aos recursos específicos que exigem esse acesso.,Média
SEC03-BP08 Compartilhar recursos com segurança em sua organização,https://docs.aws.amazon.com/pt_br/wellarchitected/latest/security-pillar/sec_permissions_share_securely.html,"À medida que o número de workloads aumenta, talvez você precise compartilhar o acesso aos recursos nessas workloads ou fornecer os recursos várias vezes nas contas. Você pode ter estruturas para fragmentar seu ambiente, como ter ambientes de desenvolvimento, teste e produção. No entanto, ter estruturas de separação não limita o compartilhamento seguro. Ao compartilhar componentes que se sobrepõem, você pode reduzir a sobrecarga operacional e possibilitar uma experiência consistente sem precisar adivinhar o que ignorou ao criar o mesmo recurso várias vezes.",Média
SEC03-BP09 Compartilhar recursos com segurança com terceiros,https://docs.aws.amazon.com/pt_br/wellarchitected/latest/security-pillar/sec_permissions_share_securely_third_party.html,"A segurança de seu ambiente de nuvem não é interrompida em sua organização. Sua organização pode contar com terceiros para gerenciar uma parte de seus dados. O gerenciamento de permissões para o sistema gerenciado por terceiros deve seguir a prática de acesso just-in-time utilizando o princípio de privilégio mínimo com credenciais temporárias. A trabalhar em parceria com terceiros, é possível reduzir o escopo do impacto e o risco de acesso acidental.",Média
SEC04-BP01 Configurar registro em log de serviço e aplicação,https://docs.aws.amazon.com/pt_br/wellarchitected/latest/security-pillar/sec_detect_investigate_events_app_service_logging.html,"Retenha logs de eventos de segurança de serviços e aplicações. Esse é um princípio fundamental de segurança para auditoria, investigações e casos de uso operacionais e um requisito de segurança comum orientado por padrões, políticas e procedimentos de governança, risco e conformidade (GRC).",Alta
"SEC04-BP02 Analisar logs, descobertas e métricas de forma centralizada",https://docs.aws.amazon.com/pt_br/wellarchitected/latest/security-pillar/sec_detect_investigate_events_analyze_all.html,"As equipes de operações de segurança confiam na coleta de logs e no uso de ferramentas de pesquisa para descobrir possíveis eventos de interesse, que podem indicar atividade não autorizada ou alteração não intencional. No entanto, a simples análise de dados coletados e o processamento manual de informações são insuficientes para acompanhar o volume de informações provenientes de arquiteturas complexas. Somente a análise e os relatórios não facilitam a atribuição dos recursos certos para trabalhar um evento em tempo hábil.",Alta
SEC04-BP03 Automatizar a resposta a eventos,https://docs.aws.amazon.com/pt_br/wellarchitected/latest/security-pillar/sec_detect_investigate_events_auto_response.html,O uso de automação para investigar e corrigir eventos reduz o esforço humano e erros e permite escalar recursos de investigação. Análises regulares ajudarão você a ajustar ferramentas de automação e iterar continuamente.,Média
SEC04-BP04 Implementar eventos de segurança acionáveis,https://docs.aws.amazon.com/pt_br/wellarchitected/latest/security-pillar/sec_detect_investigate_events_actionable_events.html,"Crie alertas para serem enviados à sua equipe para ação. Certifique-se de que os alertas incluam informações relevantes para a equipe agir. Para cada mecanismo de detecção existente, você também deve ter um processo, na forma de um runbook ou playbook, para investigar. Por exemplo, quando você habilita o Amazon GuardDuty, ele gera diferentes descobertas. Você deve ter uma entrada de runbook para cada tipo de descoberta, por exemplo, se um cavalo de Troia for descoberto, seu runbook terá instruções simples que instruem alguém a investigar e corrigir o problema.",Baixa
SEC05-BP01 Criar camadas de rede,https://docs.aws.amazon.com/pt_br/wellarchitected/latest/security-pillar/sec_network_protection_create_layers.html,"Agrupe os componentes que compartilham requisitos de confidencialidade em camadas para minimizar o possível escopo do impacto do acesso não autorizado. Por exemplo, um cluster de banco de dados em uma nuvem privada virtual (VPC) sem necessidade de acesso à Internet deve ser colocado em sub-redes sem nenhuma rota para/ou proveniente da Internet. O tráfego só deve fluir do próximo recurso menos sigiloso adjacente. Considere uma aplicação da web atrás de um balanceador de carga. Seu banco de dados não deve ser acessível diretamente do balanceador de carga. Somente a lógica de negócios ou o servidor da web tem acesso direto ao seu banco de dados.",Alta
SEC05-BP02 Controlar tráfego de todas as camadas,https://docs.aws.amazon.com/pt_br/wellarchitected/latest/security-pillar/sec_network_protection_layered.html,"Ao projetar sua topologia de rede, você deve examinar os requisitos de conectividade de cada componente. Por exemplo, se um componente precisa de acesso à Internet (entrada e saída), conectividade com VPCs, serviços de borda e datacenters externos.",Alta
SEC05-BP03 Automatizar a proteção da rede,https://docs.aws.amazon.com/pt_br/wellarchitected/latest/security-pillar/sec_network_protection_auto_protect.html,"Automatize os mecanismos de proteção para fornecer uma rede de autodefesa com base em inteligência de ameaças e detecção de anomalias. Por exemplo, ferramentas de detecção e prevenção de intrusão que podem se adaptar às ameaças atuais e reduzir seu impacto. Um firewall de aplicação Web é um exemplo de onde você pode automatizar a proteção de rede; por exemplo, usando a solução AWS WAF Security Automations (https://github.com/awslabs/aws-waf-security-automations) para bloquear automaticamente solicitações originadas de endereços IP associados a agentes de ameaças conhecidos.",Alta
SEC05-BP04 Implementar inspeção e proteção,https://docs.aws.amazon.com/pt_br/wellarchitected/latest/security-pillar/sec_network_protection_inspection.html,"Inspecione e filtre o tráfego em cada camada. É possível inspecionar suas configurações de VPC quanto a possíveis acessos não intencionais usando o VPC Network Access Analyzer. Especifique seus requisitos de acesso à rede e identifique possíveis caminhos de rede que não os atendem. Para componentes que fazem transações por meio de protocolos baseados em HTTP, um firewall de aplicativo Web pode ajudar a proteger contra ataques comuns. AWS WAF é um firewall para aplicativos web que permite monitorar e bloquear solicitações HTTP(s) que correspondem às regras configuráveis que são encaminhadas para uma API do Amazon API Gateway, o Amazon CloudFront ou um Application Load Balancer. Para começar a usar o AWS WAF, você pode usar o AWS Managed Rules em combinação com as suas próprias ou usar integrações de parceiros existentes.",Baixa
SEC06-BP01 Fazer o gerenciamento de vulnerabilidades,https://docs.aws.amazon.com/pt_br/wellarchitected/latest/security-pillar/sec_protect_compute_vulnerability_management.html,"Verifique e corrija com frequência vulnerabilidades no código, nas dependências e na infraestrutura para proteger-se contra novas ameaças.",Alta
SEC06-BP02 Reduzir a superfície de ataque,https://docs.aws.amazon.com/pt_br/wellarchitected/latest/security-pillar/sec_protect_compute_reduce_surface.html,"Reduza a exposição ao acesso não intencional protegendo os sistemas operacionais e minimizando componentes, bibliotecas e serviços consumíveis externamente em uso. Primeiro, diminua o número de componentes não utilizados, sejam eles pacotes de sistema operacional ou aplicações para workloads baseadas no Amazon Elastic Compute Cloud (Amazon EC2), sejam eles módulos de software externos no código, para todas as workloads. Encontre muitos guias de configuração de proteção e segurança para sistemas operacionais comuns e software de servidor. Por exemplo, você pode começar com o Center for Internet Security e iterar.",Alta
SEC06-BP03 Implementar serviços gerenciados,https://docs.aws.amazon.com/pt_br/wellarchitected/latest/security-pillar/sec_protect_compute_implement_managed_services.html,"Implemente serviços que gerenciam recursos, como o Amazon Relational Database Service (Amazon RDS), o AWS Lambda e o Amazon Elastic Container Service (Amazon ECS), para reduzir as tarefas de manutenção de segurança como parte do modelo de responsabilidade compartilhada. Por exemplo, o Amazon RDS ajuda você a configurar, operar e escalar um banco de dados relacional, automatiza tarefas de administração, como provisionamento de hardware, configuração de banco de dados, aplicação de patches e backups. Isso significa que você tem mais tempo livre para se concentrar na proteção da aplicação de outras maneiras descritas no AWS Well-Architected Framework. O Lambda permite executar código sem provisionar nem gerenciar servidores e, portanto, você só precisa se concentrar na conectividade, na invocação e na segurança em nível de código, e não na infraestrutura ou no sistema operacional.",Média
SEC06-BP04 Automatizar a proteção da computação,https://docs.aws.amazon.com/pt_br/wellarchitected/latest/security-pillar/sec_protect_compute_auto_protection.html,"Automatize seus mecanismos de computação de proteção, incluindo gerenciamento de vulnerabilidades, redução da superfície de ataque e gerenciamento de recursos. A automação ajudará você a investir tempo para proteger outros aspectos da carga de trabalho e reduzir o risco de erros humanos.",Média
SEC06-BP05 Permitir que as pessoas executem ações a uma distância,https://docs.aws.amazon.com/pt_br/wellarchitected/latest/security-pillar/sec_protect_compute_actions_distance.html,"A remoção da capacidade de acesso interativo reduz o risco de erro humano e o potencial de configuração ou gerenciamento manual. Por exemplo, use um fluxo de trabalho de gerenciamento de alterações para implantar instâncias do Amazon Elastic Compute Cloud (Amazon EC2) usando infraestruturas como código e gerenciar instâncias do Amazon EC2 com ferramentas, como o AWS Systems Manager, em vez de permitir acesso direto, ou por meio de um host traga a sua própria licença. O AWS Systems Managerpode automatizar uma variedade de tarefas de manutenção e implantação, usando recursos que incluem fluxos de trabalho de automação ,, documentos (playbooks) e o Run Command. O AWS CloudFormation empilha a compilação com base em pipelines e pode automatizar tarefas de implantação e gerenciamento de infraestrutura sem usar diretamente o AWS Management Console ou APIs.",Baixa
SEC06-BP06 Validar a integridade do software,https://docs.aws.amazon.com/pt_br/wellarchitected/latest/security-pillar/sec_protect_compute_validate_software_integrity.html,"Implemente mecanismos (por exemplo, assinatura de código) para validar se o software, o código e as bibliotecas usados na workload são de fontes confiáveis e não foram adulterados. Por exemplo, você deve verificar o certificado de assinatura de código de binários e scripts para confirmar o autor e garantir que ele não tenha sido adulterado desde que foi criado pelo autor. AWS Signer pode ajudar a garantir a confiança e a integridade do código gerenciando centralmente o ciclo de vida de assinatura de código, incluindo certificação de assinatura e chaves públicas e privadas. Você pode aprender a usar padrões avançados e práticas recomendadas para assinatura de código com o AWS Lambda. Além disso, uma soma de verificação do software que você faz download, em comparação com a soma de verificação do provedor, pode ajudar a garantir que ela não tenha sido adulterada.",Baixa
SEC07-BP01 Identificar os dados em sua workload,https://docs.aws.amazon.com/pt_br/wellarchitected/latest/security-pillar/sec_data_classification_identify_data.html,"É essencial compreender o tipo e a classificação de dados que sua workload está processando, os processos de negócios associados, onde os dados são armazenados e quem é o proprietário dos dados. Você também deve ter uma compreensão dos requisitos legais e de conformidade aplicáveis de sua workload e quais controles de dados precisam ser implementados. A identificação dos dados é a primeira etapa da jornada da classificação de dados.",Alta
SEC07-BP02 Definir controles de proteção de dados,https://docs.aws.amazon.com/pt_br/wellarchitected/latest/security-pillar/sec_data_classification_define_protection.html,"Proteja os dados de acordo com seu nível de classificação. Por exemplo, proteja dados classificados como públicos usando recomendações relevantes enquanto protege dados confidenciais com controles adicionais.",Alta
SEC07-BP03 Automatizar a identificação e a classificação,https://docs.aws.amazon.com/pt_br/wellarchitected/latest/security-pillar/sec_data_classification_auto_classification.html,"Automatizar a identificação e a classificação de dados pode ajudar a implementar os controles corretos. O uso de automação para isso, em vez de acesso direto de uma pessoa, reduz o risco de erros humanos e exposição. Você deve avaliar o uso de uma ferramenta, como o Amazon Macie, que usa machine learning para descobrir, classificar e proteger automaticamente dados confidenciais na AWS. O Amazon Macie reconhece dados confidenciais, como informações de identificação pessoal (PII) ou propriedade intelectual, e fornece painéis e alertas que dão visibilidade sobre como esses dados estão sendo acessados ou movidos.",Baixa
SEC07-BP04 Definir o gerenciamento do ciclo de vida de dados,https://docs.aws.amazon.com/pt_br/wellarchitected/latest/security-pillar/sec_data_classification_lifecycle_management.html,"Sua estratégia de ciclo de vida definida deve ser baseada no nível de confidencialidade, bem como nos requisitos legais e organizacionais. Aspectos como a duração pela qual você retém dados, processos de destruição de dados, gerenciamento de acesso a dados, transformação de dados e compartilhamento de dados devem ser considerados. Ao escolher uma metodologia de classificação de dados, equilibre usabilidade e acesso. Considere também os vários níveis de acesso e nuances para implementar uma abordagem segura, mas utilizável, para cada nível. Sempre use uma abordagem de defesa detalhada e reduza o acesso humano a dados e mecanismos para transformar, excluir ou copiar dados. Por exemplo, exija que os usuários se autentiquem fortemente em uma aplicação e conceda a ela, e não aos usuários, a permissão de acesso necessária para executar uma ação a distância. Além disso, garanta que os usuários venham de um caminho de rede confiável e exijam acesso às chaves de descriptografia. Use ferramentas como painéis ou relatórios automatizados para fornecer aos usuários informações extraídas dos dados e não acesso direto aos dados.",Baixa
SEC08-BP01 Implementar gerenciamento de chaves seguro,https://docs.aws.amazon.com/pt_br/wellarchitected/latest/security-pillar/sec_protect_data_rest_key_mgmt.html,"O gerenciamento seguro de chaves inclui o armazenamento, a rotação, o controle de acesso e o monitoramento do material essencial necessário para proteger os dados em repouso para sua workload.",Alta
SEC08-BP02 Aplicar criptografia em repouso,https://docs.aws.amazon.com/pt_br/wellarchitected/latest/security-pillar/sec_protect_data_rest_encrypt.html,É necessário implementar o uso de criptografia para dados em repouso. A criptografia mantém a confidencialidade dos dados sigilosos em caso de acesso não autorizado ou divulgação acidental.,Alta
SEC08-BP03 Automatizar a proteção de dados em repouso,https://docs.aws.amazon.com/pt_br/wellarchitected/latest/security-pillar/sec_protect_data_rest_automate_protection.html,"Use ferramentas automatizadas para validar e impor controles de dados em repouso continuamente, por exemplo, verificar se há apenas recursos de armazenamento criptografados. Você pode automatizar a validação de que todos os volumes do EBS são criptografados com o uso do Regras do AWS Config. AWS Security Hub também pode verificar vários controles diferentes por meio de verificações automatizadas em relação a padrões de segurança. Além disso, o Regras do AWS Config pode corrigir recursos não compatíveis automaticamente.",Média
SEC08-BP04 Impor o controle de acesso,https://docs.aws.amazon.com/pt_br/wellarchitected/latest/security-pillar/sec_protect_data_rest_access_control.html,"Para ajudar a proteger seus dados em repouso, implemente o controle de acesso utilizando mecanismos, como isolamento e versionamento, e aplique o princípio de privilégio mínimo. Evite conceder acesso público aos seus dados.",Baixa
SEC08-BP05 Usar mecanismos para evitar que as pessoas acessem os dados,https://docs.aws.amazon.com/pt_br/wellarchitected/latest/security-pillar/sec_protect_data_rest_use_people_away.html,"Impeça que os usuários acessem dados e sistemas confidenciais diretamente em circunstâncias operacionais normais. Por exemplo, use um fluxo de trabalho de gerenciamento de alterações para gerenciar instâncias do Amazon Elastic Compute Cloud (Amazon EC2) usando ferramentas em vez de permitir acesso direto ou um host traga a sua própria licença. Isso pode ser obtido usando o AWS Systems Manager Automation, que usa documentos de automação que contêm etapas que você usa para realizar tarefas. Esses documentos podem ser armazenados no controle de origem, analisados por pares antes da execução e testados detalhadamente para minimizar os riscos em comparação com o acesso ao shell. Os usuários empresariais podem ter um painel em vez de acesso direto a um armazenamento de dados para executar consultas. Quando os pipelines de CI/CD não forem usados, determine quais controles e processos são necessários para fornecer adequadamente um mecanismo de acesso break-glass normalmente desabilitado.",Baixa
SEC09-BP01 Implementar o gerenciamento seguro de chaves e certificados,https://docs.aws.amazon.com/pt_br/wellarchitected/latest/security-pillar/sec_protect_data_transit_key_cert_mgmt.html,"Os certificados Transport Layer Security (TLS) são usados para proteger as comunicações de rede e estabelecer a identidade de sites, recursos e workloads na internet, bem como em redes privadas.",Alta
SEC09-BP02 Aplicar a criptografia em trânsito,https://docs.aws.amazon.com/pt_br/wellarchitected/latest/security-pillar/sec_protect_data_transit_encrypt.html,"Aplique os requisitos de criptografia definidos com base em políticas, obrigações regulatórias e padrões da organização para cumprir os requisitos organizacionais, legais e de conformidade. Utilize somente protocolos com criptografia ao transmitir dados sigilosos para fora da sua nuvem privada virtual (VPC). A criptografia ajuda a manter a confidencialidade dos dados mesmo quando os dados passam por redes não confiáveis.",Alta
SEC09-BP03 Automatizar a detecção de acesso não intencional a dados,https://docs.aws.amazon.com/pt_br/wellarchitected/latest/security-pillar/sec_protect_data_transit_auto_unintended_access.html,"Use ferramentas como o Amazon GuardDuty para detectar automaticamente atividades suspeitas ou tentativas de mover dados para fora dos limites definidos. Por exemplo, o GuardDuty pode detectar atividade de leitura do Amazon Simple Storage Service (Amazon S3) que é incomum com a descoberta Exfiltration:S3/AnomalousBehavior. Além do GuardDuty, Logs de fluxo da Amazon VPC, que capturam informações de tráfego de rede, podem ser usados com o Amazon EventBridge para acionar a detecção de conexões anormais, bem-sucedidas e recusadas. Amazon S3 Access Analyzer pode ajudar a avaliar quais dados podem ser acessados por quem nos buckets do Amazon S3.",Média
SEC09-BP04 Autenticar as comunicações de rede,https://docs.aws.amazon.com/pt_br/wellarchitected/latest/security-pillar/sec_protect_data_transit_authentication.html,"Verifique a identidade das comunicações usando protocolos que oferecem suporte à autenticação, como Transport Layer Security (TLS) ou IPsec.
Projete a workload para usar protocolos de rede seguros e autenticados sempre que for feita uma comunicação entre serviços, aplicações ou usuários. O uso de protocolos de rede compatíveis com a autenticação e a autorização fornece maior controle sobre os fluxos de rede e reduz o impacto do acesso não autorizado.",Baixa
SEC10-BP01 identifique pessoas e recursos externos chaves,https://docs.aws.amazon.com/pt_br/wellarchitected/latest/security-pillar/sec_incident_response_identify_personnel.html,"Identifique o pessoal, as obrigações legais e os recursos internos e externos que ajudariam sua organização a responder a um incidente.",Alta
SEC10-BP02 Desenvolver planos de gerenciamento de incidentes,https://docs.aws.amazon.com/pt_br/wellarchitected/latest/security-pillar/sec_incident_response_develop_management_plans.html,O primeiro documento a ser desenvolvido para resposta a incidentes é o plano de resposta a incidentes. O plano de resposta a incidentes foi projetado para ser a base de seu programa e estratégia de resposta a incidentes.,Alta
SEC10-BP03 Prepare recursos forenses,https://docs.aws.amazon.com/pt_br/wellarchitected/latest/security-pillar/sec_incident_response_prepare_forensic.html,"Antes de um incidente de segurança, considere o desenvolvimento de recursos forenses para apoiar as investigações de eventos de segurança.",Média
SEC10-BP04 Desenvolva e teste manuais de resposta a incidentes de segurança,https://docs.aws.amazon.com/pt_br/wellarchitected/latest/security-pillar/sec_incident_response_playbooks.html,Uma parte fundamental da preparação de seus processos de resposta a incidentes é desenvolver manuais. Os manuais de resposta a incidentes fornecem uma série de orientações prescritivas e etapas a serem seguidas quando ocorre um evento de segurança. Ter uma estrutura e etapas claras simplifica a resposta e reduz a probabilidade de erro humano.,Média
SEC10-BP05 Acesso pré-provisionado,https://docs.aws.amazon.com/pt_br/wellarchitected/latest/security-pillar/sec_incident_response_pre_provision_access.html,Verifique se os respondentes a incidentes têm o acesso correto pré-provisionado na AWS para reduzir o tempo de investigação necessário até a recuperação.,Média
SEC10-BP06 Pré-implantação de ferramentas,https://docs.aws.amazon.com/pt_br/wellarchitected/latest/security-pillar/sec_incident_response_pre_deploy_tools.html,Verifique se o pessoal de segurança tem as ferramentas certas pré-implantadas para reduzir o tempo de investigação até a recuperação.,Média
SEC10-BP07 Execute simulações,https://docs.aws.amazon.com/pt_br/wellarchitected/latest/security-pillar/sec_incident_response_run_game_days.html,"À medida que as organizações crescem e evoluem com o tempo, o mesmo acontece com o cenário de ameaças, o que torna importante analisar continuamente seus recursos de resposta a incidentes. Executar simulações (também conhecidas como dias de teste) é um método que pode ser usado para realizar essa avaliação. As simulações usam cenários de eventos de segurança do mundo real projetados para imitar as táticas, as técnicas e os procedimentos (TTPs) de um agente de ameaças e permitir que uma organização exercite e avalie seus recursos de resposta a incidentes respondendo a esses eventos cibernéticos simulados da mesma forma que em uma situação real.",Média
SEC10-BP08 Estabeleça uma estrutura para aprender com os incidentes,https://docs.aws.amazon.com/pt_br/wellarchitected/latest/security-pillar/sec_incident_response_establish_incident_framework.html,"A implementação de uma framework de lições aprendidas e da capacidade de análise da causa raiz não só ajudará a melhorar os recursos de resposta a incidentes, mas também ajudará a evitar que o incidente se repita. Ao aprender com cada incidente, você pode ajudar a evitar a repetição dos mesmos erros, exposições ou configurações incorretas, não apenas melhorando seu procedimento de segurança, mas também minimizando o tempo perdido em situações evitáveis.",Média
SEC11-BP01 Treinar para segurança de aplicações,https://docs.aws.amazon.com/pt_br/wellarchitected/latest/security-pillar/sec_appsec_train_for_application_security.html,Forneça treinamento aos criadores em sua organização sobre práticas comuns para promover a segurança no desenvolvimento e na operação de aplicações. A adoção de práticas de desenvolvimento com foco na segurança ajuda a diminuir a probabilidade de problemas que são detectados somente no estágio de avaliação da segurança.,Média
SEC11-BP02 Automatizar o teste durante o ciclo de vida de desenvolvimento e lançamento,https://docs.aws.amazon.com/pt_br/wellarchitected/latest/security-pillar/sec_appsec_automate_testing_throughout_lifecycle.html,"Automatize o teste das propriedades de segurança durante o ciclo de vida de desenvolvimento e lançamento. Com a automação, é mais fácil identificar de forma consistente e repetível possíveis problemas no software antes do lançamento, o que reduz o risco de problemas de segurança no software que está sendo fornecido.",Média
SEC11-BP03 Realizar teste de penetração regular,https://docs.aws.amazon.com/pt_br/wellarchitected/latest/security-pillar/sec_appsec_perform_regular_penetration_testing.html,"Realize teste de penetração regular do software. Esse mecanismo ajuda a identificar possíveis problemas de software que não podem ser detectados pelo teste automatizado ou por uma análise manual do código. Ele também ajuda você a entender a eficácia dos controles de detecção. O teste de penetração deve tentar determinar se o software pode ser executado de formas inesperadas; por exemplo, expondo dados que devem ser protegidos ou concedendo permissões mais amplas que o esperado.",Média
SEC11-BP04 Análises manuais de código,https://docs.aws.amazon.com/pt_br/wellarchitected/latest/security-pillar/sec_appsec_manual_code_reviews.html,Realize uma análise manual do código do software que você produz. Esse processo ajuda a verificar se a pessoa que escreveu o código não é a única que está conferindo a qualidade dele.,Média
SEC11-BP05 Centralizar serviços para pacotes e dependências,https://docs.aws.amazon.com/pt_br/wellarchitected/latest/security-pillar/sec_appsec_centralize_services_for_packages_and_dependencies.html,Forneça serviços centralizados a equipes de criadores para obter pacotes de software e outras dependências. Isso permite a validação de pacotes antes que eles sejam incluídos no software que você escreve e fornece uma fonte de dados para a análise do software que está sendo usado na sua organização.,Média
SEC11-BP06 Implantar software programaticamente,https://docs.aws.amazon.com/pt_br/wellarchitected/latest/security-pillar/sec_appsec_deploy_software_programmatically.html,Faça implantações de software de forma programática quando possível. Essa abordagem diminui a probabilidade de falha em uma implantação ou da introdução de um problema inesperado devido a erro humano.,Alta
SEC11-BP07 Avaliar regularmente as propriedades de segurança dos pipelines,https://docs.aws.amazon.com/pt_br/wellarchitected/latest/security-pillar/sec_appsec_regularly_assess_security_properties_of_pipelines.html,"Aplique os princípios do pilar Segurança do Well-Architected aos seus pipelines, com atenção especial à separação das permissões. Avalie as propriedades de segurança de sua infraestrutura de pipelines. O gerenciamento eficaz da segurança dos pipelines permite que você forneça segurança ao software que passa pelos pipelines.",Alta
SEC11-BP08 Criar um programa que incorpore a propriedade de segurança nas equipes de workload,https://docs.aws.amazon.com/pt_br/wellarchitected/latest/security-pillar/sec_appsec_build_program_that_embeds_security_ownership_in_teams.html,"Crie um programa ou mecanismo que capacite as equipes de criadores a tomar decisões de segurança sobre o software que elas estão criando. Ainda assim é necessário que sua equipe de segurança valide essas decisões durante uma avaliação, mas a incorporação da propriedade de segurança nas equipes de criadores aumenta a velocidade e segurança do processo de criação de workloads. Esse mecanismo também promove uma cultura de propriedade que afeta de forma positiva a operação dos sistemas que você cria.",Alta